Plugin ID,CVE,CVSS v2.0 Base Score,Risk,Host,Protocol,Port,Name,Synopsis,Description,Solution,See Also,Plugin Output
10150,,,None,192.168.1.2,tcp,445,Windows NetBIOS / SMB Remote Host Information Disclosure,It was possible to obtain the network name of the remote host.,"The remote host is listening on UDP port 137 or TCP port 445, and
replies to NetBIOS nbtscan or SMB requests.

Note that this plugin gathers information to be used in other plugins,
but does not itself generate a report.",n/a,,"The following 2 NetBIOS names have been gathered :

 LAPTOP-D3JDAOJL  = Computer name
 LAPTOP-D3JDAOJL  = Workgroup / Domain name
"
10736,,,None,192.168.1.2,tcp,135,DCE Services Enumeration,A DCE/RPC service is running on the remote host.,"By sending a Lookup request to the portmapper (TCP 135 or epmapper
PIPE) it was possible to enumerate the Distributed Computing
Environment (DCE) services running on the remote port. Using this
information it is possible to connect and bind to each service by
sending an RPC request to the remote port/pipe.",n/a,,"
The following DCERPC services are available locally :

Object UUID : 00000000-0000-0000-0000-000000000000
UUID : 04eeb297-cbf4-466b-8a2a-bfd6a2f10bba, version 1.0
Description : Unknown RPC service
Annotation : EFSK RPC Interface
Type : Local RPC service
Named pipe : LRPC-b2ea4f8de2260576bb

Object UUID : 00000000-0000-0000-0000-000000000000
UUID : df1941c5-fe89-4e79-bf10-463657acf44d, version 1.0
Description : Unknown RPC service
Annotation : EFS RPC Interface
Type : Local RPC service
Named pipe : LRPC-b2ea4f8de2260576bb

Object UUID : 00000000-0000-0000-0000-000000000000
UUID : 51a227ae-825b-41f2-b4a9-1ac9557a1018, version 1.0
Description : Unknown RPC service
Annotation : Ngc Pop Key Service
Type : Local RPC service
Named pipe : samss lpc

Object UUID : 00000000-0000-0000-0000-000000000000
UUID : 51a227ae-825b-41f2-b4a9-1ac9557a1018, version 1.0
Description : Unknown RPC service
Annotation : Ngc Pop Key Service
Type : Local RPC service
Named pipe : SidKey Local End Point

Object UUID : 00000000-0000-0000-0000-000000000000
UUID : 51a227ae-825b-41f2-b4a9-1ac9557a1018, version 1.0
Description : Unknown RPC service
Annotation : Ngc Pop Key Service
Type : Local RPC service
Named pipe : protected_storage

Object UUID : 00000000-0000-0000-0000-000000000000
UUID : 51a227ae-825b-41f2-b4a9-1ac9557a1018, version 1.0
Description : Unknown RPC service
Annotation : Ngc Pop Key Service
Type : Local RPC service
Named pipe : lsasspirpc

Object UUID : 00000000-0000-0000-0000-000000000000
UUID : 51a227ae-825b-41f2-b4a9-1ac9557a1018, version 1.0
Description : Unknown RPC service
Annotation : Ngc Pop Key Service
Type : Local RPC service
Named pipe : lsapolicylookup

Object UUID : 00000000-0000-0000-0000-000000000000
UUID : cc105610-da03-467e-bc73-5b9e2937458d, version 1.0
Description : Unknown RPC service
Annotation : LiveIdSvc RPC Interface
Type : Local RPC service
Named pipe : LRPC-f48a7433a80fa1d717

Object UUID : 00000000-0000-0000-0000-000000000000
UUID : faf2447b-b348-4feb-8dbe-beee5b7f7778, version 1.0
Description : Unknown RPC service
Annotation : OnlineProviderCert RPC Interface
Type : Local RPC service
Named pipe : LRPC-f48a7433a80fa1d717

Object UUID : 00000000-0000-0000-0000-000000000000
UUID : 572e35b4-1344-4565-96a1-f5df3bfa89bb, version 1.0
Description : Unknown RPC service
Annotation : LiveIdSvcNotify RPC Interface
Type : Local RPC service
Named pipe : liveidsvcnotify

Object UUID : 6c637067-6569-746e-0000-000000000000
UUID : c9ac6db5-82b7-4e55-ae8a-e464ed7b4277, version 1.0
Description : Unknown RPC service
Annotation : Impl friendly name
Type : Local RPC service
Named pipe : LRPC-4f6bd3e6b4c166c747

Object UUID : 24d1f7c7-76af-4f28-9ccd-7f6cb6468601
UUID : 2eb08e3e-639f-4fba-97b1-14f878961076, version 1.0
Description : Unknown RPC service
Annotation : Group Policy RPC Interface
Type : Local RPC service
Named pipe : LRPC-5d86f2cf31e4c6d27a

Object UUID : 00000000-0000-0000-0000-000000000000
UUID : d2716e94-25cb-4820-bc15-537866578562, version 1.0
Description : Unknown RPC service
Type : Local RPC service
Named pipe : OLE8800C37118778BABBE8A16264293

Object UUID : 00000000-0000-0000-0000-000000000000
UUID : d2716e94-25cb-4820-bc15-537866578562, version 1.0
Description : Unknown RPC service
Type : Local RPC service
Named pipe : LRPC-c218ac1710c7d9fcdb

Object UUID : 00000000-0000-0000-0000-000000000000
UUID : 0c53aa2e-fb1c-49c5-bfb6-c54f8e5857cd, version 1.0
Description : Unknown RPC service
Type : Local RPC service
Named pipe : OLE8800C37118778BABBE8A16264293

Object UUID : 00000000-0000-0000-0000-000000000000
UUID : 0c53aa2e-fb1c-49c5-bfb6-c54f8e5857cd, version 1.0
Description : Unknown RPC service
Type : Local RPC service
Named pipe : LRPC-c218ac1710c7d9fcdb

Object UUID : 00000000-0000-0000-0000-000000000000
UUID : 923c9623-db7f-4b34-9e6d-e86580f8ca2a, version 1.0
Description : Unknown RPC service
Type : Local RPC service
Named pipe : OLE8800C37118778BABBE8A16264293

Object UUID : 00000000-0000-0000-0000-000000000000
UUID : 923c9623-db7f-4b34-9e6d-e86580f8ca2a, version 1.0
Description : Unknown RPC service
Type : Local RPC service
Named pipe : LRPC-c218ac1710c7d9fcdb

Object UUID : 00000000-0000-0000-0000-000000000000
UUID : e8748f69-a2a4-40df-9366-62dbeb696e26, version 0.0
Description : Unknown RPC service
Type : Local RPC service
Named pipe : OLE8800C37118778BABBE8A16264293

Object UUID : 00000000-0000-0000-0000-000000000000
UUID : e8748f69-a2a4-40df-9366-62dbeb696e26, version 0.0
Description : Unknown RPC service
Type : Local RPC service
Named pipe : LRPC-c218ac1710c7d9fcdb

Object UUID : 00000000-0000-0000-0000-000000000000
UUID : c8ba73d2-3d55-429c-8e9a-c44f006f69fc, version 0.0
Description : Unknown RPC service
Type : Local RPC service
Named pipe : OLE8800C37118778BABBE8A16264293

Object UUID : 00000000-0000-0000-0000-000000000000
UUID : c8ba73d2-3d55-429c-8e9a-c44f006f69fc, version 0.0
Description : Unknown RPC service
Type : Local RPC service
Named pipe : LRPC-c218ac1710c7d9fcdb

Object UUID : 00000000-0000-0000-0000-000000000000
UUID : 43890c94-bfd7-4655-ad6a-b4a68397cdcb, version 0.0
Description : Unknown RPC service
Type : Local RPC service
Named pipe : OLE8800C37118778BABBE8A16264293

Object UUID : 00000000-0000-0000-0000-000000000000
UUID : 43890c94-bfd7-4655-ad6a-b4a68397cdcb, version 0.0
Description : Unknown RPC service
Type : Local RPC service
Named pipe : LRPC-c218ac1710c7d9fcdb

Object UUID : 00000000-0000-0000-0000-000000000000
UUID : caaa9188-2b56-486f-b07f-71a679722189, version 1.0
Description : Unknown RPC service
Type : Local RPC service
Named pipe : RealtekAudioRpcEndpoint

Object UUID : 00000002-0000-0000-0000-000000000000
UUID : 8ec21e98-b5ce-4916-a3d6-449fa428a007, version 0.0
Description : Unknown RPC service
Type : Local RPC service
Named pipe : OLED3EAB269138AF8928CFA3FF79510

Object UUID : 00000002-0000-0000-0000-000000000000
UUID : 8ec21e98-b5ce-4916-a3d6-449fa428a007, version 0.0
Description : Unknown RPC service
Type : Local RPC service
Named pipe : LRPC-cda225a02bef8d7d53

Object UUID : 00000002-0000-0000-0000-000000000000
UUID : 0fc77b1a-95d8-4a2e-a0c0-cff54237462b, version 0.0
Description : Unknown RPC service
Type : Local RPC service
Named pipe : OLED3EAB269138AF8928CFA3FF79510

Object UUID : 00000002-0000-0000-0000-000000000000
UUID : 0fc77b1a-95d8-4a2e-a0c0-cff54237462b, version 0.0
Description : Unknown RPC service
Type : Local RPC service
Named pipe : LRPC-cda225a02bef8d7d53

Object UUID : 00000002-0000-0000-0000-000000000000
UUID : b1ef227e-dfa5-421e-82bb-67a6a129c496, version 0.0
Description : Unknown RPC service
Type : Local RPC service
Named pipe : OLED3EAB269138AF8928CFA3FF79510

Object UUID : 00000002-0000-0000-0000-000000000000
UUID : b1ef227e-dfa5-421e-82bb-67a6a129c496, version 0.0
Description : Unknown RPC service
Type : Local RPC service
Named pipe : LRPC-cda225a02bef8d7d53

Object UUID : bae10e73-0002-0000-9dab-7d0f635c171a
UUID : 509bc7ae-77be-4ee8-b07c-0d096bb44345, version 1.0
Description : Unknown RPC service
Type : Local RPC service
Named pipe : OLE346F1760ECC80C715B1CFC1E2BDA

Object UUID : bae10e73-0002-0000-9dab-7d0f635c171a
UUID : 509bc7ae-77be-4ee8-b07c-0d096bb44345, version 1.0
Description : Unknown RPC service
Type : Local RPC service
Named pipe : LRPC-9d7f930ba0e269b481

Object UUID : b08669ee-8cb5-43a5-a017-84fe00000002
UUID : 76f226c3-ec14-4325-8a99-6a46348418af, version 1.0
Description : Unknown RPC service
Type : Local RPC service
Named pipe : WMsgKRpc0751D6182

Object UUID : 52ef130c-08fd-4388-86b3-6edf00000002
UUID : 12e65dd8-887f-41ef-91bf-8d816c42c2e7, version 1.0
Description : Unknown RPC service
Annotation : Secure Desktop LRPC interface
Type : Local RPC service
Named pipe : WMsgKRpc0751D6182

Object UUID : 00000000-0000-0000-0000-000000000000
UUID : 4baec855-44ef-47a0-8d27-97df1427bd3e, version 1.0
Description : Unknown RPC service
Type : Local RPC service
Named pipe : MyAsusMigrationRpcEndpoint

Object UUID : 00000000-0000-0000-0000-000000000000
UUID : 2ce37c0d-a80b-415a-8f88-4456499212f5, version 1.0
Description : Unknown RPC service
Type : Local RPC service
Named pipe : MyAsusOptimizationRpcEndpoint

Object UUID : 00000000-0000-0000-0000-000000000000
UUID : a6fb5f6c-a70c-468e-9cb2-21667d31c5cd, version 1.0
Description : Unknown RPC service
Type : Local RPC service
Named pipe : OLE03AD32D8E5889A7347E1FF372431

Object UUID : 00000000-0000-0000-0000-000000000000
UUID : a6fb5f6c-a70c-468e-9cb2-21667d31c5cd, version 1.0
Description : Unknown RPC service
Type : Local RPC service
Named pipe : ALU_RPCServer

Object UUID : 00000000-0000-0000-0000-000000000000
UUID : ecb990b6-9e54-4345-92d2-2d024dda666c, version 1.0
Description : Unknown RPC service
Type : Local RPC service
Named pipe : OLE03AD32D8E5889A7347E1FF372431

Object UUID : 00000000-0000-0000-0000-000000000000
UUID : ecb990b6-9e54-4345-92d2-2d024dda666c, version 1.0
Description : Unknown RPC service
Type : Local RPC service
Named pipe : ALU_RPCServer

Object UUID : 00000000-0000-0000-0000-000000000000
UUID : ecb990b6-9e54-4345-92d2-2d024dda666c, version 1.0
Description : Unknown RPC service
Type : Local RPC service
Named pipe : AsusGiftBoxRpcEndpointV3

Object UUID : 00000000-0000-0000-0000-000000000000
UUID : 911da220-8ced-4cc1-b7ab-51b853a52838, version 1.0
Description : Unknown RPC service
Type : Local RPC service
Named pipe : OLE03AD32D8E5889A7347E1FF372431

Object UUID : 00000000-0000-0000-0000-000000000000
UUID : 911da220-8ced-4cc1-b7ab-51b853a52838, version 1.0
Description : Unknown RPC service
Type : Local RPC service
Named pipe : ALU_RPCServer

Object UUID : 00000000-0000-0000-0000-000000000000
UUID : 911da220-8ced-4cc1-b7ab-51b853a52838, version 1.0
Description : Unknown RPC service
Type : Local RPC service
Named pipe : AsusGiftBoxRpcEndpointV3

Object UUID : 00000000-0000-0000-0000-000000000000
UUID : 11be42d0-c06d-11e8-b568-0800200c9a66, version 1.0
Description : Unknown RPC service
Type : Local RPC service
Named pipe : AsusSyncRpcEndpoint

Object UUID : 00000000-0000-0000-0000-000000000000
UUID : 34022afd-a8aa-4cd3-b88d-8c08b6f37356, version 1.0
Description : Unknown RPC service
Type : Local RPC service
Named pipe : AsusZARpcEndpoint

Object UUID : 00000000-0000-0000-0000-000000000000
UUID : fa0184fa-e0da-4092-a033-59e12677783f, version 1.0
Description : Unknown RPC service
Type : Local RPC service
Named pipe : AsusZARpcEndpoint

Object UUID : 00000000-0000-0000-0000-000000000000
UUID : 04585b33-7cf3-4b6c-b834-b904a81ae33d, version 1.0
Description : Unknown RPC service
Type : Local RPC service
Named pipe : AsusHelpRpcEndpoint

Object UUID : 00000000-0000-0000-0000-000000000000
UUID : c65dea0d-21c4-4c00-b687-64778d7461ec, version 1.0
Description : Unknown RPC service
Type : Local RPC service
Named pipe : ASHWTestServer

Object UUID : 00000000-0000-0000-0000-000000000000
UUID : bf4dc912-e52f-4904-8ebe-9317c1bdd497, version 1.0
Description : Unknown RPC service
Type : Local RPC service
Named pipe : OLE428B90119440A90BF64DB4CB45FC

Object UUID : 00000000-0000-0000-0000-000000000000
UUID : bf4dc912-e52f-4904-8ebe-9317c1bdd497, version 1.0
Description : Unknown RPC service
Type : Local RPC service
Named pipe : LRPC-bc26e4fe51e28d09d7

Object UUID : 00000000-0000-0000-0000-000000000000
UUID : 06bba54a-be05-49f9-b0a0-30f790261023, version 1.0
Description : Unknown RPC service
Annotation : Security Center
Type : Local RPC service
Named pipe : OLE5A5E605170AED51F3C4F4DFFA6A1

Object UUID : 00000000-0000-0000-0000-000000000000
UUID : 06bba54a-be05-49f9-b0a0-30f790261023, version 1.0
Description : Unknown RPC service
Annotation : Security Center
Type : Local RPC service
Named pipe : LRPC-55f4671d3602e48750

Object UUID : 00000000-0000-0000-0000-000000000000
UUID : 7a20fcec-dec4-4c59-be57-212e8f65d3de, version 1.0
Description : Unknown RPC service
Type : Local RPC service
Named pipe : LRPC-4be458e8b7b2a65cc2

Object UUID : 00000000-0000-0000-0000-000000000000
UUID : 44d1520b-6133-41f0-8a66-d37305ecc357, version 0.0
Description : Unknown RPC service
Type : Local RPC service
Named pipe : LRPC-34da80ac9d12ee354b

Object UUID : 00000000-0000-0000-0000-000000000000
UUID : f5663d1c-7cd6-4109-9d01-2c187b75c38f, version 0.0
Description : Unknown RPC service
Type : Local RPC service
Named pipe : LRPC-34da80ac9d12ee354b

Object UUID : 00000000-0000-0000-0000-000000000000
UUID : 4b112204-0e19-11d3-b42b-0000f81feb9f, version 1.0
Description : SSDP service
Windows process : unknow
Type : Local RPC service
Named pipe : LRPC-68284ed61c068ce439

Object UUID : 00000000-0000-0000-0000-000000000000
UUID : a4b8d482-80ce-40d6-934d-b22a01a44fe7, version 1.0
Description : Unknown RPC service
Annotation : LicenseManager
Type : Local RPC service
Named pipe : LicenseServiceEndpoint

Object UUID : ccb8aa07-7225-4ea0-8501-4b3c1b1acd43
UUID : d09bdeb5-6171-4a34-bfe2-06fa82652568, version 1.0
Description : Unknown RPC service
Type : Local RPC service
Named pipe : OLE18885E0ED2D6ABC50DD5DCD7CD4A

Object UUID : ccb8aa07-7225-4ea0-8501-4b3c1b1acd43
UUID : d09bdeb5-6171-4a34-bfe2-06fa82652568, version 1.0
Description : Unknown RPC service
Type : Local RPC service
Named pipe : LRPC-47a430c59b5d07f217

Object UUID : 582a47b2-bcd8-4d3c-8acb-fe09d5bd6eec
UUID : d09bdeb5-6171-4a34-bfe2-06fa82652568, version 1.0
Description : Unknown RPC service
Type : Local RPC service
Named pipe : OLE18885E0ED2D6ABC50DD5DCD7CD4A

Object UUID : 582a47b2-bcd8-4d3c-8acb-fe09d5bd6eec
UUID : d09bdeb5-6171-4a34-bfe2-06fa82652568, version 1.0
Description : Unknown RPC service
Type : Local RPC service
Named pipe : LRPC-47a430c59b5d07f217

Object UUID : 00000000-0000-0000-0000-000000000000
UUID : 0497b57d-2e66-424f-a0c6-157cd5d41700, version 1.0
Description : Unknown RPC service
Annotation : AppInfo
Type : Local RPC service
Named pipe : LRPC-5856a7361bffef22db

Object UUID : 00000000-0000-0000-0000-000000000000
UUID : 201ef99a-7fa0-444c-9399-19ba84f12a1a, version 1.0
Description : Unknown RPC service
Annotation : AppInfo
Type : Local RPC service
Named pipe : LRPC-5856a7361bffef22db

Object UUID : 00000000-0000-0000-0000-000000000000
UUID : 5f54ce7d-5b79-4175-8584-cb65313a0e98, version 1.0
Description : Unknown RPC service
Annotation : AppInfo
Type : Local RPC service
Named pipe : LRPC-5856a7361bffef22db

Object UUID : 00000000-0000-0000-0000-000000000000
UUID : fd7a0523-dc70-43dd-9b2e-9c5ed48225b1, version 1.0
Description : Unknown RPC service
Annotation : AppInfo
Type : Local RPC service
Named pipe : LRPC-5856a7361bffef22db

Object UUID : 00000000-0000-0000-0000-000000000000
UUID : 58e604e8-9adb-4d2e-a464-3b0683fb1480, version 1.0
Description : Unknown RPC service
Annotation : AppInfo
Type : Local RPC service
Named pipe : LRPC-5856a7361bffef22db

Object UUID : 00000000-0000-0000-0000-000000000000
UUID : 0f738e20-73c0-4ca8-aa6a-8dfef545fea8, version 1.0
Description : Unknown RPC service
Annotation : AppInfo
Type : Local RPC service
Named pipe : LRPC-5856a7361bffef22db

Object UUID : 00000000-0000-0000-0000-000000000000
UUID : ebfbd919-9b6f-4f03-a7a7-b6357f2f2d7c, version 1.0
Description : Unknown RPC service
Type : Local RPC service
Named pipe : OLE1B26CE8C53D71DD1C623FA9FD059

Object UUID : 00000000-0000-0000-0000-000000000000
UUID : ebfbd919-9b6f-4f03-a7a7-b6357f2f2d7c, version 1.0
Description : Unknown RPC service
Type : Local RPC service
Named pipe : DtsApoControllerRpcEndpoint

Object UUID : 49541cea-a719-4e75-8d58-a3a7bfff960e
UUID : 850cee52-3038-4277-b9b4-e05db8b2c35c, version 1.0
Description : Unknown RPC service
Annotation : Device Association Framework Association RPC Interface
Type : Local RPC service
Named pipe : LRPC-24e923615596c575f2

Object UUID : 80b4038a-1d09-4c05-b1b6-249a4c2e0736
UUID : a1d4eae7-39f8-4bca-8e72-832767f5082a, version 1.0
Description : Unknown RPC service
Annotation : Device Association Framework Inbound RPC Interface
Type : Local RPC service
Named pipe : LRPC-24e923615596c575f2

Object UUID : 145857ef-d848-4a7e-b544-c1984d26cf05
UUID : 2e7d4935-59d2-4312-a2c8-41900aa5495f, version 1.0
Description : Unknown RPC service
Annotation : Device Association Framework Challenge RPC Interface
Type : Local RPC service
Named pipe : LRPC-24e923615596c575f2

Object UUID : 289e5e0f-414a-4de9-8d17-244507fffc07
UUID : bd84cd86-9825-4376-813d-334c543f89b1, version 1.0
Description : Unknown RPC service
Annotation : Device Association Framework Query RPC Interface
Type : Local RPC service
Named pipe : LRPC-24e923615596c575f2

Object UUID : 1475c123-1193-4379-81ac-302c4383421d
UUID : 5b665b9a-a086-4e26-ae24-96ab050b0ec3, version 1.0
Description : Unknown RPC service
Annotation : Device Association Framework AEP Store Access RPC Interface
Type : Local RPC service
Named pipe : LRPC-24e923615596c575f2

Object UUID : 00000000-0000-0000-0000-000000000000
UUID : c27f3c08-92ba-478c-b446-b419c4cef0e2, version 1.0
Description : Unknown RPC service
Type : Local RPC service
Named pipe : LRPC-283634ee10942c9580

Object UUID : 00000000-0000-0000-0000-000000000000
UUID : 0767a036-0d22-48aa-ba69-b619480f38cb, version 1.0
Description : Unknown RPC service
Annotation : PcaSvc
Type : Local RPC service
Named pipe : LRPC-98bc524fe5ef4cb24d

Object UUID : 00000000-0000-0000-0000-000000000000
UUID : 10d20e7a-2530-494a-ac01-b8dd04480ad2, version 1.0
Description : Unknown RPC service
Annotation : camsvc
Type : Local RPC service
Named pipe : OLE747DEBFDECC1E42DA41AF68C9B3F

Object UUID : 00000000-0000-0000-0000-000000000000
UUID : 10d20e7a-2530-494a-ac01-b8dd04480ad2, version 1.0
Description : Unknown RPC service
Annotation : camsvc
Type : Local RPC service
Named pipe : LRPC-0fc1420793c36384f9

Object UUID : 00000000-0000-0000-0000-000000000000
UUID : ee618e36-3c88-4fc3-82ea-1f20b120198b, version 1.0
Description : Unknown RPC service
Type : Local RPC service
Named pipe : OLEDE3E7EA3DFBE37691A69FE00B570

Object UUID : 00000000-0000-0000-0000-000000000000
UUID : 81be8b70-cf26-425b-ab9d-921efba40509, version 1.0
Description : Unknown RPC service
Type : Local RPC service
Named pipe : OLEDE3E7EA3DFBE37691A69FE00B570

Object UUID : 00000000-0000-0000-0000-000000000000
UUID : 714dc5c4-c5f6-466a-b037-a573c958031e, version 1.0
Description : Unknown RPC service
Annotation : ProcessTag Server Endpoint
Type : Local RPC service
Named pipe : OLE1AD7C83008EECA92B4B496EB4E7F

Object UUID : 00000000-0000-0000-0000-000000000000
UUID : 714dc5c4-c5f6-466a-b037-a573c958031e, version 1.0
Description : Unknown RPC service
Annotation : ProcessTag Server Endpoint
Type : Local RPC service
Named pipe : LRPC-3223c256c38c89ff93

Object UUID : 00000000-0000-0000-0000-000000000000
UUID : 78dcce84-7f13-4139-b8cd-ef222aa0408b, version 1.0
Description : Unknown RPC service
Annotation : StateRepository
Type : Local RPC service
Named pipe : OLED967B62B216C4ABAE50727389174

Object UUID : 00000000-0000-0000-0000-000000000000
UUID : 78dcce84-7f13-4139-b8cd-ef222aa0408b, version 1.0
Description : Unknown RPC service
Annotation : StateRepository
Type : Local RPC service
Named pipe : LRPC-1909ea6cd7983d9139

Object UUID : 00000000-0000-0000-0000-000000000000
UUID : 650a7e26-eab8-5533-ce43-9c1dfce11511, version 1.0
Description : Unknown RPC service
Annotation : Vpn APIs
Type : Local RPC service
Named pipe : RasmanLrpc

Object UUID : 00000000-0000-0000-0000-000000000000
UUID : 650a7e26-eab8-5533-ce43-9c1dfce11511, version 1.0
Description : Unknown RPC service
Annotation : Vpn APIs
Type : Local RPC service
Named pipe : VpnikeRpc

Object UUID : 00000000-0000-0000-0000-000000000000
UUID : 650a7e26-eab8-5533-ce43-9c1dfce11511, version 1.0
Description : Unknown RPC service
Annotation : Vpn APIs
Type : Local RPC service
Named pipe : LRPC-d9dd688bda79b0fa6c

Object UUID : 00000000-0000-0000-0000-000000000000
UUID : 7df1ceae-de4e-4e6f-ab14-49636e7c2052, version 1.0
Description : Unknown RPC service
Type : Local RPC service
Named pipe : LRPC-babb54cd787c3b9c2c

Object UUID : 00000000-0000-0000-0000-000000000000
UUID : d4051bde-9cdd-4910-b393-4aa85ec3c482, version 1.0
Description : Unknown RPC service
Type : Local RPC service
Named pipe : OLE8218B5627B68CA94FE7AA71787F0

Object UUID : 00000000-0000-0000-0000-000000000000
UUID : d4051bde-9cdd-4910-b393-4aa85ec3c482, version 1.0
Description : Unknown RPC service
Type : Local RPC service
Named pipe : LRPC-0df0967043f679d74d

Object UUID : 00000000-0000-0000-0000-000000000000
UUID : 4c9dbf19-d39e-4bb9-90ee-8f7179b20283, version 1.0
Description : Unknown RPC service
Type : Local RPC service
Named pipe : OLE8218B5627B68CA94FE7AA71787F0

Object UUID : 00000000-0000-0000-0000-000000000000
UUID : 4c9dbf19-d39e-4bb9-90ee-8f7179b20283, version 1.0
Description : Unknown RPC service
Type : Local RPC service
Named pipe : LRPC-0df0967043f679d74d

Object UUID : 00000000-0000-0000-0000-000000000000
UUID : fd8be72b-a9cd-4b2c-a9ca-4ded242fbe4d, version 1.0
Description : Unknown RPC service
Type : Local RPC service
Named pipe : OLE8218B5627B68CA94FE7AA71787F0

Object UUID : 00000000-0000-0000-0000-000000000000
UUID : fd8be72b-a9cd-4b2c-a9ca-4ded242fbe4d, version 1.0
Description : Unknown RPC service
Type : Local RPC service
Named pipe : LRPC-0df0967043f679d74d

Object UUID : 00000000-0000-0000-0000-000000000000
UUID : 95095ec8-32ea-4eb0-a3e2-041f97b36168, version 1.0
Description : Unknown RPC service
Type : Local RPC service
Named pipe : OLE8218B5627B68CA94FE7AA71787F0

Object UUID : 00000000-0000-0000-0000-000000000000
UUID : 95095ec8-32ea-4eb0-a3e2-041f97b36168, version 1.0
Description : Unknown RPC service
Type : Local RPC service
Named pipe : LRPC-0df0967043f679d74d

Object UUID : 00000000-0000-0000-0000-000000000000
UUID : e38f5360-8572-473e-b696-1b46873beeab, version 1.0
Description : Unknown RPC service
Type : Local RPC service
Named pipe : OLE8218B5627B68CA94FE7AA71787F0

Object UUID : 00000000-0000-0000-0000-000000000000
UUID : e38f5360-8572-473e-b696-1b46873beeab, version 1.0
Description : Unknown RPC service
Type : Local RPC service
Named pipe : LRPC-0df0967043f679d74d

Object UUID : 00000000-0000-0000-0000-000000000000
UUID : d22895ef-aff4-42c5-a5b2-b14466d34ab4, version 1.0
Description : Unknown RPC service
Type : Local RPC service
Named pipe : OLE8218B5627B68CA94FE7AA71787F0

Object UUID : 00000000-0000-0000-0000-000000000000
UUID : d22895ef-aff4-42c5-a5b2-b14466d34ab4, version 1.0
Description : Unknown RPC service
Type : Local RPC service
Named pipe : LRPC-0df0967043f679d74d

Object UUID : 00000000-0000-0000-0000-000000000000
UUID : 98cd761e-e77d-41c8-a3c0-0fb756d90ec2, version 1.0
Description : Unknown RPC service
Type : Local RPC service
Named pipe : OLE8218B5627B68CA94FE7AA71787F0

Object UUID : 00000000-0000-0000-0000-000000000000
UUID : 98cd761e-e77d-41c8-a3c0-0fb756d90ec2, version 1.0
Description : Unknown RPC service
Type : Local RPC service
Named pipe : LRPC-0df0967043f679d74d

Object UUID : 00000000-0000-0000-0000-000000000000
UUID : 1d45e083-478f-437c-9618-3594ced8c235, version 1.0
Description : Unknown RPC service
Type : Local RPC service
Named pipe : OLE8218B5627B68CA94FE7AA71787F0

Object UUID : 00000000-0000-0000-0000-000000000000
UUID : 1d45e083-478f-437c-9618-3594ced8c235, version 1.0
Description : Unknown RPC service
Type : Local RPC service
Named pipe : LRPC-0df0967043f679d74d

Object UUID : 00000000-0000-0000-0000-000000000000
UUID : 98716d03-89ac-44c7-bb8c-285824e51c4a, version 1.0
Description : Unknown RPC service
Annotation : XactSrv service
Type : Local RPC service
Named pipe : LRPC-3f2bce47e8d9c36618

Object UUID : 00000000-0000-0000-0000-000000000000
UUID : 1a0d010f-1c33-432c-b0f5-8cf4e8053099, version 1.0
Description : Unknown RPC service
Annotation : IdSegSrv service
Type : Local RPC service
Named pipe : LRPC-3f2bce47e8d9c36618

Object UUID : 00000000-0000-0000-0000-000000000000
UUID : 94f974af-f072-4e68-85c9-d265b55306fe, version 1.0
Description : Unknown RPC service
Type : Local RPC service
Named pipe : RstMgmtRpcEndpoint

Object UUID : 00000000-0000-0000-0000-000000000000
UUID : 7635805d-a473-451a-94b2-5d674d953d39, version 1.0
Description : Unknown RPC service
Type : Local RPC service
Named pipe : RstMgmtRpcEndpoint

Object UUID : 00000000-0000-0000-0000-000000000000
UUID : 0f96ee82-4639-4ed6-888d-8af68287c0a9, version 1.0
Description : Unknown RPC service
Type : Local RPC service
Named pipe : RstMgmtRpcEndpoint

Object UUID : 00000000-0000-0000-0000-000000000000
UUID : 552d076a-cb29-4e44-8b6a-d15e59e2c0af, version 1.0
Description : Unknown RPC service
Annotation : IP Transition Configuration endpoint
Type : Local RPC service
Named pipe : LRPC-dee2fb68701ee4f45b

Object UUID : 00000000-0000-0000-0000-000000000000
UUID : 2e6035b2-e8f1-41a7-a044-656b439c4c34, version 1.0
Description : Unknown RPC service
Annotation : Proxy Manager provider server endpoint
Type : Local RPC service
Named pipe : LRPC-dee2fb68701ee4f45b

Object UUID : 00000000-0000-0000-0000-000000000000
UUID : 2e6035b2-e8f1-41a7-a044-656b439c4c34, version 1.0
Description : Unknown RPC service
Annotation : Proxy Manager provider server endpoint
Type : Local RPC service
Named pipe : TeredoDiagnostics

Object UUID : 00000000-0000-0000-0000-000000000000
UUID : 2e6035b2-e8f1-41a7-a044-656b439c4c34, version 1.0
Description : Unknown RPC service
Annotation : Proxy Manager provider server endpoint
Type : Local RPC service
Named pipe : TeredoControl

Object UUID : 00000000-0000-0000-0000-000000000000
UUID : c36be077-e14b-4fe9-8abc-e856ef4f048b, version 1.0
Description : Unknown RPC service
Annotation : Proxy Manager client server endpoint
Type : Local RPC service
Named pipe : LRPC-dee2fb68701ee4f45b

Object UUID : 00000000-0000-0000-0000-000000000000
UUID : c36be077-e14b-4fe9-8abc-e856ef4f048b, version 1.0
Description : Unknown RPC service
Annotation : Proxy Manager client server endpoint
Type : Local RPC service
Named pipe : TeredoDiagnostics

Object UUID : 00000000-0000-0000-0000-000000000000
UUID : c36be077-e14b-4fe9-8abc-e856ef4f048b, version 1.0
Description : Unknown RPC service
Annotation : Proxy Manager client server endpoint
Type : Local RPC service
Named pipe : TeredoControl

Object UUID : 00000000-0000-0000-0000-000000000000
UUID : c49a5a70-8a7f-4e70-ba16-1e8f1f193ef1, version 1.0
Description : Unknown RPC service
Annotation : Adh APIs
Type : Local RPC service
Named pipe : LRPC-dee2fb68701ee4f45b

Object UUID : 00000000-0000-0000-0000-000000000000
UUID : c49a5a70-8a7f-4e70-ba16-1e8f1f193ef1, version 1.0
Description : Unknown RPC service
Annotation : Adh APIs
Type : Local RPC service
Named pipe : TeredoDiagnostics

Object UUID : 00000000-0000-0000-0000-000000000000
UUID : c49a5a70-8a7f-4e70-ba16-1e8f1f193ef1, version 1.0
Description : Unknown RPC service
Annotation : Adh APIs
Type : Local RPC service
Named pipe : TeredoControl

Object UUID : 00000000-0000-0000-0000-000000000000
UUID : c49a5a70-8a7f-4e70-ba16-1e8f1f193ef1, version 1.0
Description : Unknown RPC service
Annotation : Adh APIs
Type : Local RPC service
Named pipe : OLE262BD42509703C8980DF56232D2A

Object UUID : 1d54fd0b-14ab-499a-9043-35b6e949a3bf
UUID : 98e96949-bc59-47f1-92d1-8c25b46f85c7, version 1.0
Description : Unknown RPC service
Annotation : IhvExtRpcServer
Type : Local RPC service
Named pipe : LRPC-2829c7b922fb465499

Object UUID : 00000000-0000-0000-0000-000000000000
UUID : a723bb12-9833-4601-96e7-f179e7e2bfc8, version 1.0
Description : Unknown RPC service
Type : Local RPC service
Named pipe : LRPC-2829c7b922fb465499

Object UUID : 00000000-0000-0000-0000-000000000000
UUID : a723bb12-9833-4601-96e7-f179e7e2bfc8, version 1.0
Description : Unknown RPC service
Type : Local RPC service
Named pipe : IntelIhvRpcEndpoint

Object UUID : 00000000-0000-0000-0000-000000000000
UUID : dd490425-5325-4565-b774-7e27d6c09c24, version 1.0
Description : Unknown RPC service
Annotation : Base Firewall Engine API
Type : Local RPC service
Named pipe : LRPC-0fc8f34b87b6dd03f2

Object UUID : 00000000-0000-0000-0000-000000000000
UUID : 7f9d11bf-7fb9-436b-a812-b2d50c5d4c03, version 1.0
Description : Unknown RPC service
Annotation : Fw APIs
Type : Local RPC service
Named pipe : LRPC-0fc8f34b87b6dd03f2

Object UUID : 00000000-0000-0000-0000-000000000000
UUID : 7f9d11bf-7fb9-436b-a812-b2d50c5d4c03, version 1.0
Description : Unknown RPC service
Annotation : Fw APIs
Type : Local RPC service
Named pipe : LRPC-6537a45f07968ceba7

Object UUID : 00000000-0000-0000-0000-000000000000
UUID : f47433c3-3e9d-4157-aad4-83aa1f5c2d4c, version 1.0
Description : Unknown RPC service
Annotation : Fw APIs
Type : Local RPC service
Named pipe : LRPC-0fc8f34b87b6dd03f2

Object UUID : 00000000-0000-0000-0000-000000000000
UUID : f47433c3-3e9d-4157-aad4-83aa1f5c2d4c, version 1.0
Description : Unknown RPC service
Annotation : Fw APIs
Type : Local RPC service
Named pipe : LRPC-6537a45f07968ceba7

Object UUID : 00000000-0000-0000-0000-000000000000
UUID : f47433c3-3e9d-4157-aad4-83aa1f5c2d4c, version 1.0
Description : Unknown RPC service
Annotation : Fw APIs
Type : Local RPC service
Named pipe : LRPC-96fca06f5a5925f049

Object UUID : 00000000-0000-0000-0000-000000000000
UUID : 2fb92682-6599-42dc-ae13-bd2ca89bd11c, version 1.0
Description : Unknown RPC service
Annotation : Fw APIs
Type : Local RPC service
Named pipe : LRPC-0fc8f34b87b6dd03f2

Object UUID : 00000000-0000-0000-0000-000000000000
UUID : 2fb92682-6599-42dc-ae13-bd2ca89bd11c, version 1.0
Description : Unknown RPC service
Annotation : Fw APIs
Type : Local RPC service
Named pipe : LRPC-6537a45f07968ceba7

Object UUID : 00000000-0000-0000-0000-000000000000
UUID : 2fb92682-6599-42dc-ae13-bd2ca89bd11c, version 1.0
Description : Unknown RPC service
Annotation : Fw APIs
Type : Local RPC service
Named pipe : LRPC-96fca06f5a5925f049

Object UUID : 00000000-0000-0000-0000-000000000000
UUID : 2fb92682-6599-42dc-ae13-bd2ca89bd11c, version 1.0
Description : Unknown RPC service
Annotation : Fw APIs
Type : Local RPC service
Named pipe : LRPC-051c79370100b00cdb

Object UUID : 00000000-0000-0000-0000-000000000000
UUID : 25952c5d-7976-4aa1-a3cb-c35f7ae79d1b, version 1.0
Description : Unknown RPC service
Annotation : Wirel"
10736,,,None,192.168.1.2,tcp,445,DCE Services Enumeration,A DCE/RPC service is running on the remote host.,"By sending a Lookup request to the portmapper (TCP 135 or epmapper
PIPE) it was possible to enumerate the Distributed Computing
Environment (DCE) services running on the remote port. Using this
information it is possible to connect and bind to each service by
sending an RPC request to the remote port/pipe.",n/a,,"
The following DCERPC services are available remotely :

Object UUID : 00000000-0000-0000-0000-000000000000
UUID : 04eeb297-cbf4-466b-8a2a-bfd6a2f10bba, version 1.0
Description : Unknown RPC service
Annotation : EFSK RPC Interface
Type : Remote RPC service
Named pipe : \pipe\efsrpc
Netbios name : \\LAPTOP-D3JDAOJL

Object UUID : 00000000-0000-0000-0000-000000000000
UUID : df1941c5-fe89-4e79-bf10-463657acf44d, version 1.0
Description : Unknown RPC service
Annotation : EFS RPC Interface
Type : Remote RPC service
Named pipe : \pipe\efsrpc
Netbios name : \\LAPTOP-D3JDAOJL

Object UUID : 00000000-0000-0000-0000-000000000000
UUID : 650a7e26-eab8-5533-ce43-9c1dfce11511, version 1.0
Description : Unknown RPC service
Annotation : Vpn APIs
Type : Remote RPC service
Named pipe : \PIPE\ROUTER
Netbios name : \\LAPTOP-D3JDAOJL

Object UUID : 00000000-0000-0000-0000-000000000000
UUID : 7f1343fe-50a9-4927-a778-0c5859517bac, version 1.0
Description : Unknown RPC service
Annotation : DfsDs service
Type : Remote RPC service
Named pipe : \PIPE\wkssvc
Netbios name : \\LAPTOP-D3JDAOJL

Object UUID : 00000000-0000-0000-0000-000000000000
UUID : 1ff70682-0a51-30e8-076d-740be8cee98b, version 1.0
Description : Scheduler Service
Windows process : svchost.exe
Type : Remote RPC service
Named pipe : \PIPE\atsvc
Netbios name : \\LAPTOP-D3JDAOJL

Object UUID : 00000000-0000-0000-0000-000000000000
UUID : 378e52b0-c0a9-11cf-822d-00aa0051e40f, version 1.0
Description : Scheduler Service
Windows process : svchost.exe
Type : Remote RPC service
Named pipe : \PIPE\atsvc
Netbios name : \\LAPTOP-D3JDAOJL

Object UUID : 00000000-0000-0000-0000-000000000000
UUID : 33d84484-3626-47ee-8c6f-e7e98b113be1, version 2.0
Description : Unknown RPC service
Type : Remote RPC service
Named pipe : \PIPE\atsvc
Netbios name : \\LAPTOP-D3JDAOJL

Object UUID : 00000000-0000-0000-0000-000000000000
UUID : 86d35949-83c9-4044-b424-db363231fd0c, version 1.0
Description : Unknown RPC service
Type : Remote RPC service
Named pipe : \PIPE\atsvc
Netbios name : \\LAPTOP-D3JDAOJL

Object UUID : 00000000-0000-0000-0000-000000000000
UUID : 3a9ef155-691d-4449-8d05-09ad57031823, version 1.0
Description : Unknown RPC service
Type : Remote RPC service
Named pipe : \PIPE\atsvc
Netbios name : \\LAPTOP-D3JDAOJL

Object UUID : 00000000-0000-0000-0000-000000000000
UUID : f6beaff7-1e19-4fbb-9f8f-b89e2018337c, version 1.0
Description : Unknown RPC service
Annotation : Windows Event Log
Type : Remote RPC service
Named pipe : \pipe\eventlog
Netbios name : \\LAPTOP-D3JDAOJL

Object UUID : b08669ee-8cb5-43a5-a017-84fe00000000
UUID : 76f226c3-ec14-4325-8a99-6a46348418af, version 1.0
Description : Unknown RPC service
Type : Remote RPC service
Named pipe : \PIPE\InitShutdown
Netbios name : \\LAPTOP-D3JDAOJL

Object UUID : 765294ba-60bc-48b8-92e9-89fd77769d91
UUID : d95afe70-a6d5-4259-822e-2c84da1ddb0d, version 1.0
Description : Unknown RPC service
Type : Remote RPC service
Named pipe : \PIPE\InitShutdown
Netbios name : \\LAPTOP-D3JDAOJL

Object UUID : 00000000-0000-0000-0000-000000000000
UUID : 12345778-1234-abcd-ef00-0123456789ac, version 1.0
Description : Security Account Manager
Windows process : lsass.exe
Type : Remote RPC service
Named pipe : \pipe\lsass
Netbios name : \\LAPTOP-D3JDAOJL

Object UUID : 00000000-0000-0000-0000-000000000000
UUID : b25a52bf-e5dd-4f4a-aea6-8ca7272a0e86, version 2.0
Description : Unknown RPC service
Annotation : KeyIso
Type : Remote RPC service
Named pipe : \pipe\lsass
Netbios name : \\LAPTOP-D3JDAOJL

Object UUID : 00000000-0000-0000-0000-000000000000
UUID : 8fb74744-b2ff-4c00-be0d-9ef9a191fe1b, version 1.0
Description : Unknown RPC service
Annotation : Ngc Pop Key Service
Type : Remote RPC service
Named pipe : \pipe\lsass
Netbios name : \\LAPTOP-D3JDAOJL

Object UUID : 00000000-0000-0000-0000-000000000000
UUID : 51a227ae-825b-41f2-b4a9-1ac9557a1018, version 1.0
Description : Unknown RPC service
Annotation : Ngc Pop Key Service
Type : Remote RPC service
Named pipe : \pipe\lsass
Netbios name : \\LAPTOP-D3JDAOJL

"
10736,,,None,192.168.1.2,tcp,49664,DCE Services Enumeration,A DCE/RPC service is running on the remote host.,"By sending a Lookup request to the portmapper (TCP 135 or epmapper
PIPE) it was possible to enumerate the Distributed Computing
Environment (DCE) services running on the remote port. Using this
information it is possible to connect and bind to each service by
sending an RPC request to the remote port/pipe.",n/a,,"
The following DCERPC services are available on TCP port 49664 :

Object UUID : 00000000-0000-0000-0000-000000000000
UUID : 51a227ae-825b-41f2-b4a9-1ac9557a1018, version 1.0
Description : Unknown RPC service
Annotation : Ngc Pop Key Service
Type : Remote RPC service
TCP Port : 49664
IP : 192.168.1.2

Object UUID : 00000000-0000-0000-0000-000000000000
UUID : 12345778-1234-abcd-ef00-0123456789ac, version 1.0
Description : Security Account Manager
Windows process : lsass.exe
Type : Remote RPC service
TCP Port : 49664
IP : 192.168.1.2

Object UUID : 00000000-0000-0000-0000-000000000000
UUID : b25a52bf-e5dd-4f4a-aea6-8ca7272a0e86, version 2.0
Description : Unknown RPC service
Annotation : KeyIso
Type : Remote RPC service
TCP Port : 49664
IP : 192.168.1.2

Object UUID : 00000000-0000-0000-0000-000000000000
UUID : 8fb74744-b2ff-4c00-be0d-9ef9a191fe1b, version 1.0
Description : Unknown RPC service
Annotation : Ngc Pop Key Service
Type : Remote RPC service
TCP Port : 49664
IP : 192.168.1.2

"
10736,,,None,192.168.1.2,tcp,49665,DCE Services Enumeration,A DCE/RPC service is running on the remote host.,"By sending a Lookup request to the portmapper (TCP 135 or epmapper
PIPE) it was possible to enumerate the Distributed Computing
Environment (DCE) services running on the remote port. Using this
information it is possible to connect and bind to each service by
sending an RPC request to the remote port/pipe.",n/a,,"
The following DCERPC services are available on TCP port 49665 :

Object UUID : 765294ba-60bc-48b8-92e9-89fd77769d91
UUID : d95afe70-a6d5-4259-822e-2c84da1ddb0d, version 1.0
Description : Unknown RPC service
Type : Remote RPC service
TCP Port : 49665
IP : 192.168.1.2

"
10736,,,None,192.168.1.2,tcp,49666,DCE Services Enumeration,A DCE/RPC service is running on the remote host.,"By sending a Lookup request to the portmapper (TCP 135 or epmapper
PIPE) it was possible to enumerate the Distributed Computing
Environment (DCE) services running on the remote port. Using this
information it is possible to connect and bind to each service by
sending an RPC request to the remote port/pipe.",n/a,,"
The following DCERPC services are available on TCP port 49666 :

Object UUID : 00000000-0000-0000-0000-000000000000
UUID : f6beaff7-1e19-4fbb-9f8f-b89e2018337c, version 1.0
Description : Unknown RPC service
Annotation : Windows Event Log
Type : Remote RPC service
TCP Port : 49666
IP : 192.168.1.2

"
10736,,,None,192.168.1.2,tcp,49667,DCE Services Enumeration,A DCE/RPC service is running on the remote host.,"By sending a Lookup request to the portmapper (TCP 135 or epmapper
PIPE) it was possible to enumerate the Distributed Computing
Environment (DCE) services running on the remote port. Using this
information it is possible to connect and bind to each service by
sending an RPC request to the remote port/pipe.",n/a,,"
The following DCERPC services are available on TCP port 49667 :

Object UUID : 00000000-0000-0000-0000-000000000000
UUID : 86d35949-83c9-4044-b424-db363231fd0c, version 1.0
Description : Unknown RPC service
Type : Remote RPC service
TCP Port : 49667
IP : 192.168.1.2

Object UUID : 00000000-0000-0000-0000-000000000000
UUID : 3a9ef155-691d-4449-8d05-09ad57031823, version 1.0
Description : Unknown RPC service
Type : Remote RPC service
TCP Port : 49667
IP : 192.168.1.2

"
10736,,,None,192.168.1.2,tcp,49668,DCE Services Enumeration,A DCE/RPC service is running on the remote host.,"By sending a Lookup request to the portmapper (TCP 135 or epmapper
PIPE) it was possible to enumerate the Distributed Computing
Environment (DCE) services running on the remote port. Using this
information it is possible to connect and bind to each service by
sending an RPC request to the remote port/pipe.",n/a,,"
The following DCERPC services are available on TCP port 49668 :

Object UUID : 00000000-0000-0000-0000-000000000000
UUID : 12345678-1234-abcd-ef00-0123456789ab, version 1.0
Description : IPsec Services (Windows XP & 2003)
Windows process : lsass.exe
Type : Remote RPC service
TCP Port : 49668
IP : 192.168.1.2

Object UUID : 00000000-0000-0000-0000-000000000000
UUID : 0b6edbfa-4a24-4fc6-8a23-942b1eca65d1, version 1.0
Description : Unknown RPC service
Type : Remote RPC service
TCP Port : 49668
IP : 192.168.1.2

Object UUID : 00000000-0000-0000-0000-000000000000
UUID : ae33069b-a2a8-46ee-a235-ddfd339be281, version 1.0
Description : Unknown RPC service
Type : Remote RPC service
TCP Port : 49668
IP : 192.168.1.2

Object UUID : 00000000-0000-0000-0000-000000000000
UUID : 4a452661-8290-4b36-8fbe-7f4093a94978, version 1.0
Description : Unknown RPC service
Type : Remote RPC service
TCP Port : 49668
IP : 192.168.1.2

Object UUID : 00000000-0000-0000-0000-000000000000
UUID : 76f03f96-cdfd-44fc-a22c-64950a001209, version 1.0
Description : Unknown RPC service
Type : Remote RPC service
TCP Port : 49668
IP : 192.168.1.2

"
10736,,,None,192.168.1.2,tcp,49670,DCE Services Enumeration,A DCE/RPC service is running on the remote host.,"By sending a Lookup request to the portmapper (TCP 135 or epmapper
PIPE) it was possible to enumerate the Distributed Computing
Environment (DCE) services running on the remote port. Using this
information it is possible to connect and bind to each service by
sending an RPC request to the remote port/pipe.",n/a,,"
The following DCERPC services are available on TCP port 49670 :

Object UUID : 00000000-0000-0000-0000-000000000000
UUID : 367abb81-9844-35f1-ad32-98f038001003, version 2.0
Description : Service Control Manager
Windows process : svchost.exe
Type : Remote RPC service
TCP Port : 49670
IP : 192.168.1.2

"
10785,,,None,192.168.1.2,tcp,445,Microsoft Windows SMB NativeLanManager Remote System Information Disclosure,"It was possible to obtain information about the remote operating
system.","Nessus was able to obtain the remote operating system name and version
(Windows and/or Samba) by sending an authentication request to port
139 or 445. Note that this plugin requires SMB to be enabled on the
host.",n/a,,"Nessus was able to obtain the following information about the host, by 
parsing the SMB2 Protocol's NTLM SSP message:

	Target Name: LAPTOP-D3JDAOJL
	NetBIOS Domain Name: LAPTOP-D3JDAOJL
	NetBIOS Computer Name: LAPTOP-D3JDAOJL
	DNS Domain Name: LAPTOP-D3JDAOJL
	DNS Computer Name: LAPTOP-D3JDAOJL
	DNS Tree Name: unknown
	Product Version: 10.0.22621
"
11011,,,None,192.168.1.2,tcp,139,Microsoft Windows SMB Service Detection,A file / print sharing service is listening on the remote host.,"The remote service understands the CIFS (Common Internet File System)
or Server Message Block (SMB) protocol, used to provide shared access
to files, printers, etc between nodes on a network.",n/a,,"
An SMB server is running on this port.
"
11011,,,None,192.168.1.2,tcp,445,Microsoft Windows SMB Service Detection,A file / print sharing service is listening on the remote host.,"The remote service understands the CIFS (Common Internet File System)
or Server Message Block (SMB) protocol, used to provide shared access
to files, printers, etc between nodes on a network.",n/a,,"
A CIFS server is running on this port.
"
11936,,,None,192.168.1.2,tcp,0,OS Identification,It is possible to guess the remote operating system.,"Using a combination of remote probes (e.g., TCP/IP, SMB, HTTP, NTP,
SNMP, etc.), it is possible to guess the name of the remote operating
system in use. It is also possible sometimes to guess the version of
the operating system.",n/a,,"
Remote operating system : Windows 11
Confidence level : 70
Method : Misc

 
The remote host is running Windows 11"
12053,,,None,192.168.1.2,tcp,0,Host Fully Qualified Domain Name (FQDN) Resolution,It was possible to resolve the name of the remote host.,"Nessus was able to resolve the fully qualified domain name (FQDN) of
the remote host.",n/a,,"
192.168.1.2 resolves as LAPTOP-D3JDAOJL.
"
12634,,,None,192.168.1.2,tcp,0,Authenticated Check : OS Name and Installed Package Enumeration,"This plugin gathers information about the remote host via an
authenticated session.","This plugin logs into the remote host using SSH, RSH, RLOGIN, Telnet,
or local commands and extracts the list of installed packages.

If using SSH, the scan should be configured with a valid SSH public
key and possibly an SSH passphrase (if the SSH public key is protected
by a passphrase).",n/a,,"Nessus can run commands on localhost to check if patches are applied.

However, the execution of the command ""uname -a"" failed, so OS
Security Patch Assessment is not available.

SSH Version Banner : 
"
19506,,,None,192.168.1.2,tcp,0,Nessus Scan Information,This plugin displays information about the Nessus scan.,"This plugin displays, for each tested host, information about the
scan itself :

  - The version of the plugin set.
  - The type of scanner (Nessus or Nessus Home).
  - The version of the Nessus Engine.
  - The port scanner(s) used.
  - The port range scanned.
  - The ping round trip time 
  - Whether credentialed or third-party patch management
    checks are possible.
  - Whether the display of superseded patches is enabled
  - The date of the scan.
  - The duration of the scan.
  - The number of hosts scanned in parallel.
  - The number of checks done in parallel.",n/a,,"Information about this scan : 

Nessus version : 10.5.2
Nessus build : 20009
Plugin feed version : 202306231011
Scanner edition used : Nessus Home
Scanner OS : WINDOWS
Scanner distribution : win-x86-64
Scan type : Normal
Scan name : my device
Scan policy used : Advanced Scan
Scanner IP : 192.168.1.2
Ping RTT : Unavailable
Thorough tests : no
Experimental tests : no
Plugin debugging enabled : no
Paranoia level : 1
Report verbosity : 1
Safe checks : yes
Optimize the test : yes
Credentialed checks : no
Patch management checks : None
Display superseded patches : yes (supersedence plugin launched)
CGI scanning : disabled
Web application tests : disabled
Max hosts : 5
Max checks : 5
Recv timeout : 5
Backports : None
Allow post-scan editing : Yes
Scan Start Date : 2023/6/23 21:29 Bangladesh Standard Time
Scan duration : 563 sec
Scan for malware : no
"
42410,,,None,192.168.1.2,tcp,445,Microsoft Windows NTLMSSP Authentication Request Remote Network Name Disclosure,It is possible to obtain the network name of the remote host.,"The remote host listens on tcp port 445 and replies to SMB requests.

By sending an NTLMSSP authentication request it is possible to obtain
the name of the remote system and the name of its domain.",n/a,,"The following 2 NetBIOS names have been gathered :

 LAPTOP-D3JDAOJL  = Computer name
 LAPTOP-D3JDAOJL  = Workgroup / Domain name
"
45590,,,None,192.168.1.2,tcp,0,Common Platform Enumeration (CPE),"It was possible to enumerate CPE names that matched on the remote
system.","By using information obtained from a Nessus scan, this plugin reports
CPE (Common Platform Enumeration) matches for various hardware and
software products found on a host. 

Note that if an official CPE is not available for the product, this
plugin computes the best possible CPE based on the information
available from the scan.",n/a,"http://cpe.mitre.org/
https://nvd.nist.gov/products/cpe","
The remote operating system matched the following CPE : 

  cpe:/o:microsoft:windows -> Microsoft Windows
"
54615,,,None,192.168.1.2,tcp,0,Device Type,It is possible to guess the remote device type.,"Based on the remote operating system, it is possible to determine
what the remote system type is (eg: a printer, router, general-purpose
computer, etc).",n/a,,"Remote device type : general-purpose
Confidence level : 70
"
57608,,5,Medium,192.168.1.2,tcp,445,SMB Signing not required,Signing is not required on the remote SMB server.,"Signing is not required on the remote SMB server. An unauthenticated,
remote attacker can exploit this to conduct man-in-the-middle attacks
against the SMB server.","Enforce message signing in the host's configuration. On Windows, this
is found in the policy setting 'Microsoft network server: Digitally
sign communications (always)'. On Samba, the setting is called 'server
signing'. See the 'see also' links for further details.","http://www.nessus.org/u?df39b8b3
http://technet.microsoft.com/en-us/library/cc731957.aspx
http://www.nessus.org/u?74b80723
https://www.samba.org/samba/docs/current/man-html/smb.conf.5.html
http://www.nessus.org/u?a3cac4ea",
66717,,,None,192.168.1.2,udp,5353,mDNS Detection (Local Network),It is possible to obtain information about the remote host.,"The remote service understands the Bonjour (also known as ZeroConf or
mDNS) protocol, which allows anyone to uncover information from the
remote host such as its operating system type and exact version, its
hostname, and the list of services it is running. 

This plugin attempts to discover mDNS used by hosts residing on the same
network segment as Nessus.","Filter incoming traffic to UDP port 5353, if desired.",,"Nessus was able to extract the following information :

  - mDNS hostname       : LAPTOP-D3JDAOJL.local.

"
97993,,,None,192.168.1.2,tcp,0,OS Identification and Installed Software Enumeration over SSH v2 (Using New SSH Library),"Information about the remote host can be disclosed via an
authenticated session.","Nessus was able to login to the remote host using SSH or local
commands and extract the list of installed packages.",n/a,,"
Nessus can run commands on localhost to check if patches are applied.

Credentialed checks of Windows are not supported using SSH.

The remote host is not currently supported by this plugin.

Runtime : 1.53678 seconds
"
100871,,,None,192.168.1.2,tcp,445,Microsoft Windows SMB Versions Supported (remote check),"It was possible to obtain information about the version of SMB running
on the remote host.","Nessus was able to obtain the version of SMB running on the remote
host by sending an authentication request to port 139 or 445.

Note that this plugin is a remote check and does not work on agents.",n/a,,"
The remote host supports the following versions of SMB :
  SMBv2
"
106716,,,None,192.168.1.2,tcp,445,Microsoft Windows SMB2 and SMB3 Dialects Supported (remote check),"It was possible to obtain information about the dialects of SMB2 and SMB3 available
on the remote host.","Nessus was able to obtain the set of SMB2 and SMB3 dialects running on the remote
host by sending an authentication request to port 139 or 445.",n/a,,"
The remote host supports the following SMB dialects :
	_version_  _introduced in windows version_
	2.0.2      Windows 2008  
	2.1        Windows 7     
	3.0        Windows 8     
	3.0.2      Windows 8.1   
	3.1.1      Windows 10    

The remote host does NOT support the following SMB dialects :
	_version_  _introduced in windows version_
	2.2.2      Windows 8 Beta
	2.2.4      Windows 8 Beta
	3.1        Windows 10    
"
110723,,,None,192.168.1.2,tcp,0,Target Credential Status by Authentication Protocol - No Credentials Provided,"Nessus was able to find common ports used for local checks,
however, no credentials were provided in the scan policy.","Nessus was not able to successfully authenticate directly to the
remote target on an available authentication protocol. Nessus was
able to connect to the remote port and identify that the service
running on the port supports an authentication protocol, but Nessus
failed to authenticate to the remote service using the provided
credentials. There may have been a protocol failure that prevented
authentication from being attempted or all of the provided credentials
for the authentication protocol may be invalid. See plugin output for
error details.

Please note the following :

- This plugin reports per protocol, so it is possible for
  valid credentials to be provided for one protocol and not
  another. For example, authentication may succeed via SSH
  but fail via SMB, while no credentials were provided for
  an available SNMP service.

- Providing valid credentials for all available
  authentication protocols may improve scan coverage, but
  the value of successful authentication for a given
  protocol may vary from target to target depending upon
  what data (if any) is gathered from the target via that
  protocol. For example, successful authentication via SSH
  is more valuable for Linux targets than for Windows
  targets, and likewise successful authentication via SMB
  is more valuable for Windows targets than for Linux
  targets.",n/a,,"SMB was detected on port 445 but no credentials were provided.
SMB local checks were not enabled.

"
117886,,,None,192.168.1.2,tcp,0,OS Security Patch Assessment Not Available,OS Security Patch Assessment is not available.,"OS Security Patch Assessment is not available on the remote host.
This does not necessarily indicate a problem with the scan.
Credentials may not have been provided, OS security patch assessment
may not be supported for the target, the target may not have been
identified, or another issue may have occurred that prevented OS
security patch assessment from being available. See plugin output for
details.

This plugin reports non-failure information impacting the availability
of OS Security Patch Assessment. Failure information is reported by
plugin 21745 : 'OS Security Patch Assessment failed'.  If a target
host is not supported for OS Security Patch Assessment, plugin
110695 : 'OS Security Patch Assessment Checks Not Supported' will
report concurrently with this plugin.",n/a,,"
The following issues were reported :

  - Plugin      : ssh_get_info2.nasl
    Plugin ID   : 97993
    Plugin Name : OS Identification and Installed Software Enumeration over SSH v2 (Using New SSH Library)
    Protocol    : LOCALHOST
    Message     : 
Credentialed checks of Windows are not supported using SSH.

  - Plugin      : ssh_get_info.nasl
    Plugin ID   : 12634
    Plugin Name : Authenticated Check : OS Name and Installed Package Enumeration
    Protocol    : LOCALHOST
    Message     : 
Remote host was not identified as a known device or operating
system and the execution of ""uname -a"" failed.

SSH Version Banner : 


  - Plugin      : no_local_checks_credentials.nasl
    Plugin ID   : 110723
    Plugin Name : Target Credential Status by Authentication Protocol - No Credentials Provided
    Message     : 
Credentials were not provided for detected SMB service.
"
135860,,,None,192.168.1.2,tcp,445,WMI Not Available,WMI queries could not be made against the remote host.,"WMI (Windows Management Instrumentation) is not available on the
remote host over DCOM. WMI queries are used to gather information
about the remote host, such as its current state, network interface
configuration, etc.

Without this information Nessus may not be able to identify installed
software or security vunerabilities that exist on the remote host.",n/a,https://docs.microsoft.com/en-us/windows/win32/wmisdk/wmi-start-page,Can't connect to the 'root\CIMV2' WMI namespace.
